year,co_co
2013,-0.5309312941542665
2014,-0.9540187930862418
2015,-0.3030557366518162
2016,0.07989686699663744
2017,-0.28428413425970017
2018,0.09684584234056365
2019,-0.10823376729098033
2020,-0.32335578646086616
2021,0.6506345650209583
2022,-0.13692956336750473
