year,co_co
2013,-0.08366254365083069
2014,-0.9323142453569533
2015,-0.3876446348465047
2016,0.07950010501031048
2017,-0.07283199472935356
2018,-0.14295242957504412
2019,0.12358463769300539
2020,-0.41577815954197456
2021,0.6289702413815386
2022,-0.25023093259970713
